date,date_local,source,title,link,lang,ranking
2025-07-08 00:26:06+00:00,2025-07-08 02:26:06+02:00,elespanol_energy_news,"El decreto ‘anti-apagones’, en el aire: Moncloa da por hecho que ni Podemos ni PP darán su apoyo a finales de julio",https://www.elespanol.com/invertia/empresas/energia/20250708/decreto-anti-apagones-aire-moncloa-da-hecho-podemos-pp-daran-apoyo-finales-julio/1003743837709_0.html,es,4
2025-07-08 00:26:07+00:00,2025-07-08 02:26:07+02:00,elespanol_energy_news,La CNMC echa un nuevo pulso con las eléctricas con 8.000 millones de inversión en redes sobre la mesa,https://www.elespanol.com/invertia/empresas/energia/20250708/cnmc-echa-nuevo-pulso-electricas-millones-inversion-redes-mesa/1003743837583_0.html,es,4
2025-07-09 03:49:08.364582+00:00,2025-07-09 05:49:08.364582+02:00,elespanol_energy_news,PODCASTPODCAST,https://www.spreaker.com/podcast/corriente-continua--6557836,en,4
2025-07-09 03:49:08.364582+00:00,2025-07-09 05:49:08.364582+02:00,elespanol_energy_news,OPINIÓNOPINIÓN,https://www.elespanol.com/temas/energia___opinion/,en,4
2025-07-09 03:49:08.364582+00:00,2025-07-09 05:49:08.364582+02:00,elespanol_energy_news,RENOVABLESRENOVABLES,https://www.elespanol.com/temas/energia___renovables/,en,4
2025-07-08 00:26:06+00:00,2025-07-08 02:26:06+02:00,elespanol_energy_news,El grupo emiratí Masdar llega a Madrid para comprobar 'in situ' la posición de España ante los aranceles de Trump,https://www.elespanol.com/invertia/mis-finanzas/fondos-de-inversion/20250708/grupo-emirati-masdar-llega-madrid-comprobar-in-situ-situacion-espana-corrupcion-aranceles/1003743837825_0.html,es,4
2025-07-09 03:49:08.364582+00:00,2025-07-09 05:49:08.364582+02:00,elespanol_energy_news,CONSUMOCONSUMO,https://www.elespanol.com/temas/energia___consumo/,en,4
2025-07-09 00:31:39+00:00,2025-07-09 02:31:39+02:00,elespanol_energy_news,La CNMC desafía al Gobierno y elude una orden de orientación de política en su nuevo plan de pago de redes eléctricas,https://www.elespanol.com/invertia/empresas/energia/20250709/cnmc-desafia-gobierno-elude-orden-orientacion-politica-nuevo-plan-pago-redes-electricas/1003743839435_0.html,es,5
2025-07-08 12:15:46+00:00,2025-07-08 14:15:46+02:00,elespanol_energy_news,"Los ciclos de gas aumentaron su producción un 113,8% en junio y elevaron el precio del 'pool' eléctrico un 29,5%",https://www.elespanol.com/invertia/empresas/energia/20250708/ciclos-gas-aumentaron-produccion-junio-elevaron-precio-pool-electrico/1003743838914_0.html,es,3
2025-07-08 11:41:52+00:00,2025-07-08 13:41:52+02:00,elespanol_energy_news,El Gobierno lanza una inversión urgente de 750 millones para reforzar la red eléctrica tras el apagón,https://www.elespanol.com/invertia/empresas/energia/20250708/gobierno-lanza-inversion-urgente-millones-reforzar-red-electrica-apagon/1003743838805_0.html,es,4
2025-07-09 03:49:08.364582+00:00,2025-07-09 05:49:08.364582+02:00,elespanol_energy_news,CORPORATIVOCORPORATIVO,https://www.elespanol.com/temas/energia___corporativo/,en,4
2025-07-07 11:57:39+00:00,2025-07-07 13:57:39+02:00,elespanol_energy_news,Las eléctricas se dejan casi 2.000 millones en bolsa lastradas por la propuesta de retribución de la CNMC,https://www.elespanol.com/invertia/mercados/20250707/electricas-sufren-bolsa-propuesta-retribucion-redes-cnmc-lejana-expectativas/1003743837200_0.html,es,5
2025-07-07 00:38:32+00:00,2025-07-07 02:38:32+02:00,elespanol_energy_news,Los fondos reordenan el capital energético español: BlackRock amplía su dominio y Goldman irrumpe en Redeia y Solaria,https://www.elespanol.com/invertia/empresas/energia/20250707/fondos-reordenan-capital-energetico-espanol-blackrock-amplia-dominio-goldman-irrumpe-redeia-solaria/1003743835574_0.html,es,4
2025-07-09 03:49:08.364582+00:00,2025-07-09 05:49:08.364582+02:00,elespanol_energy_news,PETRÓLEO Y GASPETRÓLEO Y GAS,https://www.elespanol.com/temas/energia___petroleo_y_gas/,es,2
2025-07-07 15:47:09+00:00,2025-07-07 17:47:09+02:00,elespanol_energy_news,La cogeneración prevé unas inversiones de más de 1.300 millones en 82 proyectos que aspiran a las subastas,https://www.elespanol.com/invertia/empresas/energia/20250707/cogeneracion-preve-inversiones-millones-proyectos-aspiran-subastas/1003743837670_0.html,es,5
2025-07-07 10:05:56+00:00,2025-07-07 12:05:56+02:00,elespanol_energy_news,Las importaciones de crudo a España caen un 19% en mayo,https://www.elespanol.com/invertia/empresas/energia/20250707/importaciones-crudo-espana-caen-mayo/1003743836906_0.html,es,4
2025-07-07 09:49:16+00:00,2025-07-07 11:49:16+02:00,elespanol_energy_news,"Ballenoil, la red de gasolineras 'low cost' de Moeve, lanza su propia red de recarga eléctrica",https://www.elespanol.com/invertia/empresas/energia/20250707/ballenoil-red-gasolineras-low-cost-moeve-lanza-propia-recarga-electrica/1003743836859_0.html,es,4
2025-07-09 03:49:08.364582+00:00,2025-07-09 05:49:08.364582+02:00,elespanol_energy_news,NUCLEARNUCLEAR,https://www.elespanol.com/temas/energia___nuclear/,en,4
2025-07-08 14:39:15+00:00,2025-07-08 16:39:15+02:00,elespanol_energy_news,Endesa e Iberdrola avivan la batalla legal por la tasa de residuos nucleares y reclaman 778 millones de euros,https://www.elespanol.com/invertia/empresas/energia/20250708/endesa-sigue-iberdrola-batalla-legal-tasa-residuos-nucleares-reclaman-millones-euros/1003743839150_0.html,es,4
2025-07-09 03:49:08.364582+00:00,2025-07-09 05:49:08.364582+02:00,elespanol_energy_news,CALOR Y EFICIENCIA ENERGÉTICACALOR Y EFICIENCIA ENERGÉTICA,https://www.elespanol.com/temas/energia___calor_y_eficiencia_energetica/,fr,5
2025-07-09 03:49:08.364582+00:00,2025-07-09 05:49:08.364582+02:00,elespanol_energy_news,BIOGASESBIOGASES,https://www.elespanol.com/temas/energia___biogas/,en,4
2025-07-08 15:31:49+00:00,2025-07-08 17:31:49+02:00,elespanol_energy_news,El sector gasista aplaude el aval de Bruselas a las calderas de gas más allá de 2040,https://www.elespanol.com/invertia/empresas/energia/20250708/sector-gasista-aplaude-aval-bruselas-calderas-gas-alla/1003743839302_0.html,es,2
2025-07-08 16:59:55+00:00,2025-07-08 18:59:55+02:00,energiaoltre_news,La riunione sull'Ex Ilva è stata rinviata al 15 luglio,https://energiaoltre.it/la-riunione-sullex-ilva-e-stata-rinviata-al-15-luglio/,it,5
2025-07-08 13:21:52+00:00,2025-07-08 15:21:52+02:00,energiaoltre_news,"Sul rinvio Euro 5 un sospiro di sollievo, ma a quale prezzo? Svalutazione, rottamazione e alternative ""green"" sul piatto",https://energiaoltre.it/rinvio-euro-5-un-sospiro-di-sollievo-ma-a-quale-prezzo-svalutazione-rottamazione-e-alternative-green-sul-piatto/,it,4
2025-07-08 14:56:19+00:00,2025-07-08 16:56:19+02:00,energiaoltre_news,Governo accelera procedure VIA e strizza l'occhio a Ponte sullo Stretto e Diga di Genova per raggiungere obiettivi Nato,https://energiaoltre.it/governo-accelera-procedure-via-e-strizza-locchio-a-ponte-sullo-stretto-e-diga-di-genova-per-raggiungere-obiettivi-nato/,it,4
2025-07-08 13:55:27+00:00,2025-07-08 15:55:27+02:00,energiaoltre_news,Chi ha “tramato” contro Sticchi Damiani e perché la poltrona di ACI fa gola?,https://energiaoltre.it/chi-ha-tramato-contro-sticchi-damiani-e-perche-la-poltrona-di-aci-fa-gola/,it,4
2025-07-08 15:08:06+00:00,2025-07-08 17:08:06+02:00,energiaoltre_news,"Ue apre sul Regolamento auto, ma frena: la nuova proposta solo nel 2026",https://energiaoltre.it/ue-apre-ma-frena-sul-regolamento-auto-la-nuova-proposta-solo-nel-2026/,it,5
2025-07-08 13:59:32+00:00,2025-07-08 15:59:32+02:00,energiaoltre_news,"Energia, l’Ue bacchetta l’Italia: “Tasse non green, rinnovabili frenate da burocrazia e investimenti insufficienti”",https://energiaoltre.it/energia-lue-bacchetta-litalia-tasse-non-green-rinnovabili-frenate-da-burocrazia-e-investimenti-insufficienti/,it,3
2025-07-08 13:17:49+00:00,2025-07-08 15:17:49+02:00,energiaoltre_news,"L’Ue approva norme più flessibili sugli stoccaggi di gas, per ridurre i prezzi",https://energiaoltre.it/lue-approva-norme-piu-flessibili-sugli-stoccaggi-di-gas-per-ridurre-i-prezzi/,it,4
2025-07-08 12:51:29+00:00,2025-07-08 14:51:29+02:00,energiaoltre_news,"Stop Euro 5, respiro per 1,3 milioni di auto: Salvini esulta, ma il Codacons avverte le Regioni",https://energiaoltre.it/stop-euro-5-respiro-per-13-milioni-di-auto-salvini-esulta-ma-il-codacons-avverte-le-regioni/,it,4
2025-07-08 08:27:20+00:00,2025-07-08 10:27:20+02:00,energiaoltre_news,"DL Infrastrutture, via libera al pacchetto di emendamenti: dal PNRR alla Salerno-Reggio Calabria, cosa cambia",https://energiaoltre.it/dl-infrastrutture-via-libera-al-pacchetto-di-emendamenti-dal-pnrr-alla-salerno-reggio-calabria-cosa-cambia/,it,5
2025-07-08 10:17:49+00:00,2025-07-08 12:17:49+02:00,energiaoltre_news,Europa regina delle auto elettriche? Studio svela la ricetta: target 2035 intatto e strategia industriale aggressiva,https://energiaoltre.it/europa-regina-delle-auto-elettriche-studio-svela-la-ricetta-target-2035-intatto-e-strategia-industriale-aggressiva/,it,3
2025-07-08 09:18:11+00:00,2025-07-08 11:18:11+02:00,energiaoltre_news,Idroelettrico low-cost in cambio del rinnovo delle concessioni. L’Ue accetterà?,https://energiaoltre.it/idroelettrico-low-cost-in-cambio-del-rinnovo-delle-concessioni-lue-accettera/,it,4
2025-07-08 08:30:25+00:00,2025-07-08 10:30:25+02:00,energiaoltre_news,"Germania S.O.S. Clima: riscaldamento record e siccità estrema, allarme dei meteorologi",https://energiaoltre.it/germania-s-o-s-clima-riscaldamento-record-e-siccita-estrema-allarme-dei-meteorologi/,it,3
2025-07-08 09:03:38+00:00,2025-07-08 11:03:38+02:00,energiaoltre_news,Tutti gli affari di Chevron: dall’accordo con Hess sul petrolio della Guyana all’esito della controversia con Exxon,https://energiaoltre.it/tutti-gli-affari-di-chevron-dallaccordo-con-hess-sul-petrolio-della-guyana-allesito-della-controversia-con-exxon/,it,4
2025-07-07 15:29:38+00:00,2025-07-07 17:29:38+02:00,energiaoltre_news,La Commissione europea chiede pareri sulle norme sulle emissioni delle auto,https://energiaoltre.it/la-commissione-europea-chiede-pareri-sulle-norme-sulle-emissioni-delle-auto/,it,5
2025-07-07 14:24:10+00:00,2025-07-07 16:24:10+02:00,energiaoltre_news,Il Vaticano accelera per diventare il primo Stato green,https://energiaoltre.it/il-vaticano-accelera-per-diventare-il-primo-stato-green/,it,4
2025-07-07 08:52:08+00:00,2025-07-07 10:52:08+02:00,energiaoltre_news,"Energia e ambiente, i lavori della Camera e del Senato: 7 – 11 luglio 2025",https://energiaoltre.it/energia-e-ambiente-i-lavori-della-camera-e-del-senato-7-11-luglio-2025/,it,5
2025-07-09 03:49:08.364582+00:00,2025-07-09 05:49:08.364582+02:00,iea_news,President of Lithuania honours IEA Executive Director for outstanding contributions on energy security,https://www.iea.org/news,en,4
2025-07-09 03:49:08.364582+00:00,2025-07-09 05:49:08.364582+02:00,iea_news,Power and transport sectors are key areas for action in Lithuania’s pursuit of energy independence,https://www.iea.org/news,en,5
2025-07-09 03:49:08.364582+00:00,2025-07-09 05:49:08.364582+02:00,iea_news,New episode of Everything Energy podcast explores the changes taking place in oil markets,https://www.iea.org/news,en,5
2025-07-09 03:49:08.364582+00:00,2025-07-09 05:49:08.364582+02:00,iea_news,Workshop convenes heat pump industry to discuss common classifications,https://www.iea.org/news,en,3
2025-07-09 03:49:08.364582+00:00,2025-07-09 05:49:08.364582+02:00,iea_news,Industrial facilities could save billions by implementing energy management,https://www.iea.org/news,en,5
2025-07-09 03:49:08.364582+00:00,2025-07-09 05:49:08.364582+02:00,iea_news,"Energy access improving, but international financial support still needed to boost progress and address disparities",https://www.iea.org/news,en,5
2025-07-09 03:49:08.364582+00:00,2025-07-09 05:49:08.364582+02:00,iea_news,LNG producers and consumers reaffirm commitment to energy security and emissions reductions at key Tokyo conference,https://www.iea.org/news,en,3
2025-07-09 03:49:08.364582+00:00,2025-07-09 05:49:08.364582+02:00,iea_news,New IEA report assesses emissions from LNG supply and maps out opportunities to reduce them,https://www.iea.org/news,en,3
2025-07-09 03:49:08.364582+00:00,2025-07-09 05:49:08.364582+02:00,iea_news,New episode of Everything Energy podcast tracks where the money is going in the energy world,https://www.iea.org/news,en,5
2025-07-09 03:49:08.364582+00:00,2025-07-09 05:49:08.364582+02:00,iea_news,The evolving role of export credit agencies in global energy finance,https://www.iea.org/news,en,4
2025-07-09 03:49:08.364582+00:00,2025-07-09 05:49:08.364582+02:00,iea_news,"As energy and AI links grow, new IEA observatory provides latest data and analysis",https://www.iea.org/news,en,2
2025-07-09 03:49:08.364582+00:00,2025-07-09 05:49:08.364582+02:00,iea_news,Ambassadors from countries across Africa meet in Paris to discuss key energy issues,https://www.iea.org/news,en,4
2025-07-09 03:49:08.364582+00:00,2025-07-09 05:49:08.364582+02:00,iea_news,"Amid rising geopolitical strains, oil markets face new uncertainties as the drivers of supply and demand growth shift",https://www.iea.org/news,en,5
2025-07-09 03:49:08.364582+00:00,2025-07-09 05:49:08.364582+02:00,iea_news,The Iberian blackout has highlighted the critical importance of electricity security,https://www.iea.org/news,en,4
2025-07-09 03:49:08.364582+00:00,2025-07-09 05:49:08.364582+02:00,iea_news,IEA closely monitoring oil markets amid Israel-Iran situation,https://www.iea.org/news,en,5
2025-07-09 03:49:08.364582+00:00,2025-07-09 05:49:08.364582+02:00,iea_news,Outcome Statement of the IEA’s 10th Annual Conference on Energy Efficiency,https://www.iea.org/news,en,5
2025-07-09 03:49:08.364582+00:00,2025-07-09 05:49:08.364582+02:00,iea_news,"Nearly 50 governments endorse energy efficiency for boosting affordability, competitiveness and energy security",https://www.iea.org/news,en,5
2025-07-09 03:49:08.364582+00:00,2025-07-09 05:49:08.364582+02:00,iea_news,IEA Labour Council calls for stronger focus on workers to ensure just and inclusive energy transitions,https://www.iea.org/news,en,5
2025-07-09 03:49:08.364582+00:00,2025-07-09 05:49:08.364582+02:00,iea_news,IEA Global Commission launches landmark Blueprint for Action on Just and Inclusive Energy Transitions,https://www.iea.org/news,en,5
2025-07-09 03:49:08.364582+00:00,2025-07-09 05:49:08.364582+02:00,iea_news,Energy efficiency’s advantages for affordability and competitiveness take centre stage at IEA’s global conference in Brussels,https://www.iea.org/news,en,5
2025-07-09 03:49:08.364582+00:00,2025-07-09 05:49:08.364582+02:00,iea_news,IEA unveils winners of energy efficiency photo competition,https://www.iea.org/news,en,5
2025-07-09 03:49:08.364582+00:00,2025-07-09 05:49:08.364582+02:00,iea_news,"IEA workshop on carbon capture, utilisation and storage highlights need to unlock private capital for next-generation projects",https://www.iea.org/news,en,3
2025-07-09 03:49:08.364582+00:00,2025-07-09 05:49:08.364582+02:00,iea_news,Over 50 leaders gather in Brussels to help define and shape COP30 energy priorities,https://www.iea.org/news,en,5
2025-07-09 03:49:08.364582+00:00,2025-07-09 05:49:08.364582+02:00,energy_ec_eu_news,Quarterly reports highlight solar record and progress away from Russian gas,https://energy.ec.europa.eu/news/quarterly-reports-highlight-solar-record-and-progress-away-russian-gas-2025-07-04_en,en,3
2025-07-09 03:49:08.364582+00:00,2025-07-09 05:49:08.364582+02:00,energy_ec_eu_news,New EU Energy and Raw Materials Platform to support the competitiveness and decarbonisation of European industry,https://energy.ec.europa.eu/news/new-eu-energy-and-raw-materials-platform-support-competitiveness-and-decarbonisation-european-2025-07-02_en,en,5
2025-07-09 03:49:08.364582+00:00,2025-07-09 05:49:08.364582+02:00,energy_ec_eu_news,"Commission continues action to lower energy bills with new guidance on renewables, grids infrastructure and network tariffs",https://energy.ec.europa.eu/news/commission-continues-action-lower-energy-bills-new-guidance-renewables-grids-infrastructure-and-2025-07-02_en,en,4
2025-07-09 03:49:08.364582+00:00,2025-07-09 05:49:08.364582+02:00,energy_ec_eu_news,Energy efficiency,https://energy.ec.europa.eu/topics/energy-efficiency_en,en,5
2025-07-09 03:49:08.364582+00:00,2025-07-09 05:49:08.364582+02:00,energy_ec_eu_news,Renewable energy,https://energy.ec.europa.eu/topics/renewable-energy_en,es,5
2025-07-09 03:49:08.364582+00:00,2025-07-09 05:49:08.364582+02:00,energy_ec_eu_news,Markets and consumers,https://energy.ec.europa.eu/topics/markets-and-consumers_en,en,4
2025-07-09 03:49:08.364582+00:00,2025-07-09 05:49:08.364582+02:00,energy_ec_eu_news,Clean Energy Transition,https://energy.ec.europa.eu/topics/clean-energy-transition_en,en,4
2025-07-09 03:49:08.364582+00:00,2025-07-09 05:49:08.364582+02:00,energy_ec_eu_news,Carbon management and fossil fuels,https://energy.ec.europa.eu/topics/carbon-management-and-fossil-fuels_en,en,5
2025-07-09 03:49:08.364582+00:00,2025-07-09 05:49:08.364582+02:00,energy_ec_eu_news,Energy security,https://energy.ec.europa.eu/topics/energy-security_en,en,4
2025-07-09 03:49:08.364582+00:00,2025-07-09 05:49:08.364582+02:00,energy_ec_eu_news,Research and technology,https://energy.ec.europa.eu/topics/research-and-technology_en,en,4
2025-07-09 03:49:08.364582+00:00,2025-07-09 05:49:08.364582+02:00,energy_ec_eu_news,EU's energy system,https://energy.ec.europa.eu/topics/eus-energy-system_en,en,4
2025-07-09 03:49:08.364582+00:00,2025-07-09 05:49:08.364582+02:00,energy_ec_eu_news,Funding and financing,https://energy.ec.europa.eu/topics/funding-and-financing_en,en,3
2025-07-09 03:49:08.364582+00:00,2025-07-09 05:49:08.364582+02:00,energy_ec_eu_news,International cooperation,https://energy.ec.europa.eu/topics/international-cooperation_en,en,5
2025-07-09 03:49:08.364582+00:00,2025-07-09 05:49:08.364582+02:00,energy_ec_eu_news,In focus: Completing Europe’s energy union,https://energy.ec.europa.eu/news/focus-completing-europes-energy-union-2025-06-16_en,es,4
2025-07-09 03:49:08.364582+00:00,2025-07-09 05:49:08.364582+02:00,energy_ec_eu_news,Commission collects views in preparation of the European Grids Package,https://energy.ec.europa.eu/news/commission-collects-views-preparation-european-grids-package-2025-05-13_en,en,4
2025-07-09 03:49:08.364582+00:00,2025-07-09 05:49:08.364582+02:00,energy_ec_eu_news,5 things you should know about solar energy,https://energy.ec.europa.eu/news/5-things-you-should-know-about-solar-energy-2025-06-20_en,en,4
2025-07-09 03:49:08.364582+00:00,2025-07-09 05:49:08.364582+02:00,energy_ec_eu_news,REPowerEU - 3 years on,https://energy.ec.europa.eu/topics/markets-and-consumers/actions-and-measures-energy-prices/repowereu-3-years_en,en,3
2025-07-09 03:49:08.364582+00:00,2025-07-09 05:49:08.364582+02:00,energy_ec_eu_news,Action and measures on energy prices,https://energy.ec.europa.eu/topics/markets-and-consumers/actions-and-measures-energy-prices_en,en,5
2025-07-09 03:49:08.364582+00:00,2025-07-09 05:49:08.364582+02:00,energy_ec_eu_news,Energy label and ecodesign,https://commission.europa.eu/energy-climate-change-environment/standards-tools-and-labels/products-labelling-rules-and-requirements/energy-label-and-ecodesign_en,en,4
2025-07-09 03:49:08.364582+00:00,2025-07-09 05:49:08.364582+02:00,energy_ec_eu_news,Weekly Oil Bulletin,https://energy.ec.europa.eu/data-and-analysis/weekly-oil-bulletin_en,en,4
2025-07-09 03:49:08.364582+00:00,2025-07-09 05:49:08.364582+02:00,energy_ec_eu_news,Investors Dialogues on Energy webinar: the Hydrogen Mechanism,https://energy.ec.europa.eu/events/investors-dialogues-energy-webinar-hydrogen-mechanism-2025-07-09_en,en,4
2025-07-09 03:49:08.364582+00:00,2025-07-09 05:49:08.364582+02:00,energy_ec_eu_news,Simplifying building renovations and EPBD implementation with digital tools and business models,https://energy.ec.europa.eu/events/simplifying-building-renovations-and-epbd-implementation-digital-tools-and-business-models-2025-09-23_en,en,4
2025-07-09 03:49:08.364582+00:00,2025-07-09 05:49:08.364582+02:00,energy_ec_eu_news,Power of participation - advancing public engagement in grid planning,https://energy.ec.europa.eu/events/power-participation-advancing-public-engagement-grid-planning-2025-10-23_en,en,5
2025-07-09 03:49:08.364582+00:00,2025-07-09 05:49:08.364582+02:00,energy_ec_eu_news,8th meeting of the Equality Platform,https://energy.ec.europa.eu/events/8th-meeting-equality-platform-2025-11-26_en,en,4
2025-07-09 03:49:08.364582+00:00,2025-07-09 05:49:08.364582+02:00,energy_ec_eu_news,Recurrent events,https://energy.ec.europa.eu/yearly-energy-policy-events-and-forums_en,fr,4
2025-07-09 03:49:08.364582+00:00,2025-07-09 05:49:08.364582+02:00,cinea_news,Two Czech projects secure EU funding under PSLF,https://cinea.ec.europa.eu/news-events/news/two-czech-projects-secure-eu-funding-under-pslf-2025-07-08_en,en,3
2025-07-09 03:49:08.364582+00:00,2025-07-09 05:49:08.364582+02:00,cinea_news,Water for LIFE: securing Europe’s water resilience for the future,https://cinea.ec.europa.eu/news-events/news/water-life-securing-europes-water-resilience-future-2025-07-08_en,en,4
2025-07-09 03:49:08.364582+00:00,2025-07-09 05:49:08.364582+02:00,cinea_news,EU publishes Nature Credits Roadmap to boost private investment in nature-positive actions,https://cinea.ec.europa.eu/news-events/news/eu-publishes-nature-credits-roadmap-boost-private-investment-nature-positive-actions-2025-07-07_en,en,4
2025-07-09 03:49:08.364582+00:00,2025-07-09 05:49:08.364582+02:00,cinea_news,EU invests €852 million in six innovative electric vehicle battery projects,https://ec.europa.eu/commission/presscorner/detail/en/ip_25_1727,en,5
2025-07-09 03:49:08.364582+00:00,2025-07-09 05:49:08.364582+02:00,cinea_news,21st European Symposium on Fluorine Chemistry,https://cinea.ec.europa.eu/news-events/events/21st-european-symposium-fluorine-chemistry-2025-08-03_en,en,5
2025-07-09 03:49:08.364582+00:00,2025-07-09 05:49:08.364582+02:00,cinea_news,European Research and Innovation Days 2025,https://cinea.ec.europa.eu/news-events/events/european-research-and-innovation-days-2025-2025-09-16_en,en,5
2025-07-09 03:49:08.364582+00:00,2025-07-09 05:49:08.364582+02:00,cinea_news,LIFE-IP LatViaNature International Conference – Together for Nature: merging public and private efforts,https://cinea.ec.europa.eu/news-events/events/life-ip-latvianature-international-conference-together-nature-merging-public-and-private-efforts-2025-09-25_en,en,5
2025-07-09 03:49:08.364582+00:00,2025-07-09 05:49:08.364582+02:00,cinea_news,Urban Mobility Days 2025,https://cinea.ec.europa.eu/news-events/events/urban-mobility-days-2025-2025-09-30_en,en,5
2025-07-08 00:26:06+00:00,2025-07-09 00:00:00+02:00,Official Journal – Legislation (L),OJ:L_202501340: Council Decision (CFSP) 2025/1340 of 8 July 2025 on an assistance measure under the European Peace Facility to support the Armed Forces of Cabo Verde,https://eur-lex.europa.eu/./legal-content/AUTO/?uri=OJ:L_202501340,en,5
2025-07-08 00:26:07+00:00,2025-07-09 00:00:00+02:00,Official Journal – Legislation (L),OJ:L_202501349: Council Implementing Decision (CFSP) 2025/1349 of 8 July 2025 implementing Decision (CFSP) 2015/740 concerning restrictive measures in view of the situation in South Sudan,https://eur-lex.europa.eu/./legal-content/AUTO/?uri=OJ:L_202501349,en,5
2025-07-09 03:49:08.364582+00:00,2025-07-09 00:00:00+02:00,Official Journal – Legislation (L),OJ:L_202501333: Council Decision (CFSP) 2025/1333 of 8 July 2025 on an assistance measure under the European Peace Facility to support the Armed Forces of Senegal,https://eur-lex.europa.eu/./legal-content/AUTO/?uri=OJ:L_202501333,en,5
2025-07-09 03:49:08.364582+00:00,2025-07-09 00:00:00+02:00,Official Journal – Legislation (L),"OJ:L_202501322: Commission Implementing Regulation (EU) 2025/1322 of 4 July 2025 specifying the technical items of the data set, establishing the technical formats for transmission of information and specifying the arrangements and content of the quality reports on the organisation of a sample survey in the use of information and communication technologies domain for reference year 2026 pursuant to Regulation (EU) 2019/1700 of the European Parliament and of the Council",https://eur-lex.europa.eu/./legal-content/AUTO/?uri=OJ:L_202501322,en,4
2025-07-09 03:49:08.364582+00:00,2025-07-08 21:09:01+02:00,ecoomist,The 19th century is a terrible guide to modern statecraft,https://www.economist.com/international/2025/07/08/the-19th-century-is-a-terrible-guide-to-modern-statecraft,en,4
2025-07-08 00:26:06+00:00,2025-07-08 20:50:21+02:00,ecoomist,How drones and video-game techniques are coming together in Ukraine’s war,https://www.economist.com/the-economist-explains/2025/07/08/how-drones-and-video-game-techniques-are-coming-together-in-ukraines-war,en,4
2025-07-09 03:49:08.364582+00:00,2025-07-08 17:40:45+02:00,RenEne-eu_feed,PPP entity in Spain's Galicia region to buy local 49.5-MW wind farm,https://renewablesnow.com/news/ppp-entity-in-spains-galicia-region-to-buy-local-49-5-mw-wind-farm-1278163/,en,2
2025-07-08 12:15:46+00:00,2025-07-08 17:17:41+02:00,Energy_EU,Energy label for low-temperature emitting radiators: Call for evidence launched,https://energy.ec.europa.eu/news/energy-label-low-temperature-emitting-radiators-call-evidence-launched-2025-07-08_en,en,5
2025-07-08 11:41:52+00:00,2025-07-08 17:13:05+02:00,ecoomist,"Donald Trump’s approach to Africa is very, well, African",https://www.economist.com/middle-east-and-africa/2025/07/08/donald-trumps-approach-to-africa-is-very-well-african,en,4
2025-07-07 00:38:32+00:00,2025-07-08 16:50:16+02:00,RenEne-solar_feed,"Wattlab, HGK Shipping unveil hybrid solar-powered inland vessel",https://renewablesnow.com/news/wattlab-hgk-shipping-unveil-hybrid-solar-powered-inland-vessel-1278159/,en,3
2025-07-07 15:47:09+00:00,2025-07-08 16:28:19+02:00,RenEne-wind_off_feed,Enova secures 78 MW in German onshore wind auction,https://renewablesnow.com/news/enova-secures-78-mw-in-german-onshore-wind-auction-1278158/,en,2
2025-07-07 09:49:16+00:00,2025-07-08 16:11:31+02:00,RenEne-eu_feed,Ridge Clean Energy to add wind to solar-storage project in Yorkshire,https://renewablesnow.com/news/ridge-clean-energy-to-add-wind-to-solar-storage-project-in-yorkshire-1278154/,en,4
2025-07-09 03:49:08.364582+00:00,2025-07-08 16:01:42+02:00,RenEne-biomass_feed,EcoCeres to supply SAF from waste-based biomass to British Airways,https://renewablesnow.com/news/ecoceres-to-supply-saf-from-waste-based-biomass-to-british-airways-1278151/,en,4
2025-07-09 03:49:08.364582+00:00,2025-07-08 14:44:12+02:00,RenEne-eu_feed,REC Silicon board sees no way out of Hanwha’s low buyout bid,https://renewablesnow.com/news/rec-silicon-board-sees-no-way-out-of-hanwhas-low-buyout-bid-1278140/,en,4
2025-07-09 03:49:08.364582+00:00,2025-07-08 12:17:53+02:00,Energy_EU,Joint press release: Investment of €3.66 billion from EU emissions trading revenues in cleaner energy systems,https://ec.europa.eu/commission/presscorner/detail/en/ip_25_1714,en,3
2025-07-08 15:31:49+00:00,2025-07-08 12:10:08+02:00,ecoomist,Macron’s visit to Britain reflects much-improved relations,https://www.economist.com/podcasts/2025/07/08/macrons-visit-to-britain-reflects-much-improved-relations,en,4
2025-07-08 16:59:55+00:00,2025-07-07 16:54:29+02:00,ecoomist,"On Lego, love and friendship",https://www.economist.com/business/2025/07/07/on-lego-love-and-friendship,en,4
2025-07-08 13:21:52+00:00,2025-07-07 16:37:40+02:00,RenEne-h2_feed,ACWA Power signs clean energy partnerships in Indonesia,https://renewablesnow.com/news/acwa-power-signs-clean-energy-partnerships-in-indonesia-1278088/,en,4
2025-07-08 13:55:27+00:00,2025-07-07 16:18:05+02:00,RenEne-eu_feed,Renewable Connections gets green light for 38-MW solar-storage site,https://renewablesnow.com/news/renewable-connections-gets-green-light-for-38-mw-solar-storage-site-1278082/,en,4
2025-07-08 13:59:32+00:00,2025-07-07 15:29:17+02:00,RenEne-eu_feed,KKR-backed ContourGlobal snaps up 1.6 GW of battery projects in Italy,https://renewablesnow.com/news/kkr-backed-contourglobal-snaps-up-1-6-gw-of-battery-projects-in-italy-1278079/,en,4
2025-07-08 13:17:49+00:00,2025-07-07 15:09:08+02:00,RenEne-eu_feed,Repsol JV shelves green hydrogen project in Spain - report,https://renewablesnow.com/news/repsol-jv-shelves-green-hydrogen-project-in-spain-report-1278076/,en,2
2025-07-08 09:18:11+00:00,2025-07-07 15:05:11+02:00,RenEne-solar_feed,"SUNOTEC buys 400-MWp solar, 600-MWh storage site in Latvia",https://renewablesnow.com/news/sunotec-buys-400-mwp-solar-600-mwh-storage-site-in-latvia-1278075/,en,2
2025-07-08 08:30:25+00:00,2025-07-07 14:31:11+02:00,RenEne-solar_feed,Renewables firm Boralex gets USD 184m loan to support growth plan,https://renewablesnow.com/news/renewables-firm-boralex-gets-usd-184m-loan-to-support-growth-plan-1278073/,en,5
2025-07-08 09:03:38+00:00,2025-07-07 14:27:36+02:00,RenEne-wind_off_feed,"ABO Energy gets nod for 165-MW wind, storage project in Canada",https://renewablesnow.com/news/abo-energy-gets-nod-for-165-mw-wind-storage-project-in-canada-1278072/,en,3
2025-07-07 15:29:38+00:00,2025-07-07 10:30:00+02:00,ecoomist,The Big Beautiful Bill will inflict long-term damage on America,https://www.economist.com/podcasts/2025/07/07/the-big-beautiful-bill-will-inflict-long-term-damage-on-america,en,3
2025-07-07 14:24:10+00:00,2025-07-07 08:42:27+02:00,RenEne-solar_feed,France’s Akuo has new CEO under Ardian ownership,https://renewablesnow.com/news/frances-akuo-has-new-ceo-under-ardian-ownership-1278031/,en,5
2025-07-07 08:52:08+00:00,2025-07-07 00:00:00+02:00,Official Journal – Legislation (L),CELEX:32025R0026R(04),https://eur-lex.europa.eu/./legal-content/AUTO/?uri=CELEX:32025R0026R(04),en,4
2025-07-09 03:49:08.364582+00:00,2025-07-04 18:32:30+02:00,RenEne-wind_on_feed,DEME marks launch of wind turbine installation vessel Norse Energi,https://renewablesnow.com/news/deme-marks-launch-of-wind-turbine-installation-vessel-norse-energi-1278021/,en,2
2025-07-09 03:49:08.364582+00:00,2025-07-04 16:55:12+02:00,RenEne-wind_on_feed,UK govt greenlights 1.5-GW offshore wind project in Welsh waters,https://renewablesnow.com/news/uk-govt-greenlights-1-5-gw-offshore-wind-project-in-welsh-waters-1278018/,en,3
2025-07-09 03:49:08.364582+00:00,2025-07-04 16:15:55+02:00,RenEne-wind_off_feed,UK govt releases onshore wind strategy to reach up to 29 GW by 2030,https://renewablesnow.com/news/uk-govt-releases-onshore-wind-strategy-to-reach-up-to-29-gw-by-2030-1278014/,en,2
2025-07-09 03:49:08.364582+00:00,2025-07-04 15:56:51+02:00,RenEne-h2_feed,"AFC, ICL to create JV for hydrogen from ammonia",https://renewablesnow.com/news/afc-icl-to-create-jv-for-hydrogen-from-ammonia-1278012/,en,1
2025-07-09 03:49:08.364582+00:00,2025-07-04 15:31:32+02:00,RenEne-h2_feed,E.ON deprioritises hydrogen push amid challenging market conditions,https://renewablesnow.com/news/e-on-deprioritises-hydrogen-push-amid-challenging-market-conditions-1278009/,en,1
2025-07-09 03:49:08.364582+00:00,2025-07-04 15:17:39+02:00,RenEne-biomass_feed,"Adecoagro, Tether mull renewables-powered crypto partnership in Brazil",https://renewablesnow.com/news/adecoagro-tether-mull-renewables-powered-crypto-partnership-in-brazil-1278006/,en,3
2025-07-09 03:49:08.364582+00:00,2025-07-04 14:34:03+02:00,RenEne-solar_feed,Sinopec brings live 7.5-MW seawater floating PV project in China,https://renewablesnow.com/news/sinopec-brings-live-7-5-mw-seawater-floating-pv-project-in-china-1277998/,en,2
2025-07-09 03:49:08.364582+00:00,2025-07-04 14:27:50+02:00,RenEne-solar_feed,Balam units secure up to USD 15m for solar projects in Mexico,https://renewablesnow.com/news/balam-units-secure-up-to-usd-15m-for-solar-projects-in-mexico-1277997/,en,3
2025-07-09 03:49:08.364582+00:00,2025-07-04 14:14:44+02:00,RenEne-solar_feed,Plenitude starts building 200-MW solar park in Spain,https://renewablesnow.com/news/plenitude-starts-building-200-mw-solar-park-in-spain-1277995/,en,2
2025-07-09 03:49:08.364582+00:00,2025-07-04 13:47:27+02:00,RenEne-h2_feed,"Solvay, Enagas to develop hydrogen storage in Spain's salt caverns",https://renewablesnow.com/news/solvay-enagas-to-develop-hydrogen-storage-in-spains-salt-caverns-1277994/,en,1
2025-07-09 03:49:08.364582+00:00,2025-07-04 13:26:01+02:00,RenEne-solar_feed,Sparc Hydrogen gets Aussie state grant to advance pilot PWS project,https://renewablesnow.com/news/sparc-hydrogen-gets-aussie-state-grant-to-advance-pilot-pws-project-1277990/,en,3
2025-07-09 03:49:08.364582+00:00,2025-07-04 11:55:15+02:00,RenEne-biomass_feed,Turkey's renewables capacity rises 4.5 times to 72.5 GW in 20 years,https://renewablesnow.com/news/turkeys-renewables-capacity-rises-4-5-times-to-72-5-gw-in-20-years-1277980/,en,4
2025-07-09 03:49:08.364582+00:00,2025-07-04 11:48:23+02:00,RenEne-wind_off_feed,Renewables share in German power mix falls in H1 due to low wind,https://renewablesnow.com/news/renewables-share-in-german-power-mix-falls-in-h1-due-to-low-wind-1277977/,en,3
2025-07-09 03:49:08.364582+00:00,2025-07-04 10:11:50+02:00,RenEne-wind_off_feed,"Onshore wind power growth in S America to slow by 2034, WoodMac says",https://renewablesnow.com/news/onshore-wind-power-growth-in-s-america-to-slow-by-2034-woodmac-says-1277967/,en,3
2025-07-09 03:49:08.364582+00:00,2025-07-04 09:22:08+02:00,RenEne-wind_on_feed,Deep Wind gets licence for South Korean offshore project,https://renewablesnow.com/news/deep-wind-gets-licence-for-south-korean-offshore-project-1277963/,en,3
2025-07-09 03:49:08.364582+00:00,2025-07-04 09:14:35+02:00,RenEne-wind_off_feed,Brazil installs 194 MW of renewables in June,https://renewablesnow.com/news/brazil-installs-194-mw-of-renewables-in-june-1277962/,en,4
2025-07-09 03:49:08.364582+00:00,2025-07-04 07:40:05+02:00,RenEne-wind_on_feed,CWP to supply foundations for Synera's 495-MW Formosa 4 off Taiwan,https://renewablesnow.com/news/cwp-to-supply-foundations-for-syneras-495-mw-formosa-4-off-taiwan-1277961/,en,3
2025-07-09 03:49:08.364582+00:00,2025-07-04 07:11:02+02:00,RenEne-wind_off_feed,Utility Alliant Energy seeks nod for 1-GW onshore wind rollout,https://renewablesnow.com/news/utility-alliant-energy-seeks-nod-for-1-gw-onshore-wind-rollout-1277960/,en,2
2025-07-09 03:49:08.364582+00:00,2025-07-04 06:57:31+02:00,RenEne-wind_off_feed,ABO Energy grabs 80 MW of awards in German onshore wind tender,https://renewablesnow.com/news/abo-energy-grabs-80-mw-of-awards-in-german-onshore-wind-tender-1277958/,en,3
2025-07-09 03:49:08.364582+00:00,2025-07-04 00:00:00+02:00,Official Journal – Legislation (L),"CELEX:32025R0606: Commission Delegated Regulation (EU) 2025/606 of 21 March 2025 supplementing Regulation (EU) 2023/1542 of the European Parliament and of the Council by establishing the methodology for calculation and verification of rates for recycling efficiency and recovery of materials from waste batteries, and the format for the documentation",https://eur-lex.europa.eu/./legal-content/AUTO/?uri=CELEX:32025R0606,en,5
2025-07-09 03:49:08.364582+00:00,2025-07-04 00:00:00+02:00,Official Journal – Legislation (L),CELEX:32025R0544R(01),https://eur-lex.europa.eu/./legal-content/AUTO/?uri=CELEX:32025R0544R(01),en,4
2025-07-09 03:49:08.364582+00:00,2025-07-04 00:00:00+02:00,Official Journal – Legislation (L),CELEX:32019L0904R(02):            Berichtigung der Richtlinie (EU) 2019/904 des Europäischen Parlaments und des Rates vom 5. Juni 2019 über die Verringerung der Auswirkungen bestimmter Kunststoffprodukte auf die Umwelt (ABl. L 155 vom 12.6.2019),https://eur-lex.europa.eu/./legal-content/AUTO/?uri=CELEX:32019L0904R(02),de,4
2025-07-09 03:49:08.364582+00:00,2025-07-04 00:00:00+02:00,Official Journal – Legislation (L),CELEX:32021R2305R(02),https://eur-lex.europa.eu/./legal-content/AUTO/?uri=CELEX:32021R2305R(02),en,4
2025-07-09 03:49:08.364582+00:00,2025-07-04 00:00:00+02:00,Official Journal – Legislation (L),CELEX:32024L1226R(01),https://eur-lex.europa.eu/./legal-content/AUTO/?uri=CELEX:32024L1226R(01),en,4
2025-07-09 03:49:08.364582+00:00,2025-07-04 00:00:00+02:00,Official Journal – Legislation (L),CELEX:32025R1313: Commission Implementing Regulation (EU) 2025/1313 of 3 July 2025 amending Implementing Regulation (EU) 2023/1584 as regards the list of demarcated areas for containment of Popillia japonica Newman in Italy,https://eur-lex.europa.eu/./legal-content/AUTO/?uri=CELEX:32025R1313,en,5
2025-07-09 03:49:08.364582+00:00,2025-07-04 00:00:00+02:00,Official Journal – Legislation (L),"CELEX:32025R1310: Commission Implementing Regulation (EU) 2025/1310 of 3 July 2025 laying down the technical specifications of data requirements and the deadlines for submission of annual metadata and quality reports for the topic ICT usage and e-commerce for the reference year 2026, pursuant to Regulation (EU) 2019/2152 of the European Parliament and of the Council",https://eur-lex.europa.eu/./legal-content/AUTO/?uri=CELEX:32025R1310,en,5
2025-07-09 03:49:08.364582+00:00,2025-07-04 00:00:00+02:00,Official Journal – Legislation (L),CELEX:32025D1326: Political and Security Committee Decision (CFSP) 2025/1326 of 25 June 2025 extending the mandate of the Head of Mission of the European Union Integrated Border Management Assistance Mission in Libya (EUBAM Libya) (EUBAM Libya/1/2025),https://eur-lex.europa.eu/./legal-content/AUTO/?uri=CELEX:32025D1326,en,5
2025-07-09 03:49:08.364582+00:00,2025-07-04 00:00:00+02:00,Official Journal – Legislation (L),CELEX:32025D1336: Commission Implementing Decision (EU) 2025/1336 of 3 July 2025 concerning certain interim emergency measures relating to infection with lumpy skin disease virus in France (notified under document C(2025) 4588),https://eur-lex.europa.eu/./legal-content/AUTO/?uri=CELEX:32025D1336,en,5
2025-07-09 03:49:08.364582+00:00,2025-07-03 19:45:23+02:00,cinea_rss_feed,Horizon Europe Work Program 2025,https://atlantic-maritime-strategy.ec.europa.eu/en/funding/calls/horizon-europe-work-programmes-2025,en,5
2025-07-09 03:49:08.364582+00:00,2025-07-03 19:43:34+02:00,cinea_rss_feed,EU4Ocean Coalition for Ocean Literacy,https://atlantic-maritime-strategy.ec.europa.eu/en/funding/calls/eu4ocean-coalition-ocean-literacy-call-tenders,en,5
2025-07-09 03:49:08.364582+00:00,2025-07-03 19:41:52+02:00,cinea_rss_feed,PRIMA Calls,https://atlantic-maritime-strategy.ec.europa.eu/en/funding/calls/prima-2025-calls-are-now-open,en,4
2025-07-09 03:49:08.364582+00:00,2025-07-03 17:20:35+02:00,RenEne-wind_on_feed,OEG wins construction support contract on Inch Cape off Scotland,https://renewablesnow.com/news/oeg-wins-construction-support-contract-on-inch-cape-off-scotland-1277949/,en,3
2025-07-09 03:49:08.364582+00:00,2025-07-03 16:29:41+02:00,RenEne-wind_off_feed,Polenergia gets EUR 47m in loans to invest in Polish green projects,https://renewablesnow.com/news/polenergia-gets-eur-47m-in-loans-to-invest-in-polish-green-projects-1277943/,en,5
2025-07-09 03:49:08.364582+00:00,2025-07-03 15:16:19+02:00,RenEne-biomass_feed,Synhelion completes first car drive on solar gasoline,https://renewablesnow.com/news/synhelion-completes-first-car-drive-on-solar-gasoline-1277935/,en,2
2025-07-09 03:49:08.364582+00:00,2025-07-03 14:56:29+02:00,RenEne-biomass_feed,Chile's renewables share drops to 37% in May,https://renewablesnow.com/news/chiles-renewables-share-drops-to-37-percent-in-may-1277932/,en,3
2025-07-09 03:49:08.364582+00:00,2025-07-03 13:20:34+02:00,RenEne-wind_on_feed,New delay for Massachusetts offshore wind contracts,https://renewablesnow.com/news/new-delay-for-massachusetts-offshore-wind-contracts-1277914/,en,2
2025-07-09 03:49:08.364582+00:00,2025-07-03 11:58:14+02:00,RenEne-wind_on_feed,Ørsted ends vessel contract with Cadeler due to Hornsea 4 stop,https://renewablesnow.com/news/rsted-ends-vessel-contract-with-cadeler-due-to-hornsea-4-stop-1277910/,en,5
2025-07-09 03:49:08.364582+00:00,2025-07-03 11:52:56+02:00,RenEne-h2_feed,Nordic-Baltic Hydrogen Corridor gets EU support for feasibility study,https://renewablesnow.com/news/nordic-baltic-hydrogen-corridor-gets-eu-support-for-feasibility-study-1277906/,en,3
2025-07-09 03:49:08.364582+00:00,2025-07-03 11:29:49+02:00,Energy_EU,Eurostat: EU coal production and consumption reach historical low,https://ec.europa.eu/eurostat/en/web/products-eurostat-news/w/ddn-20250703-1,en,5
2025-07-09 03:49:08.364582+00:00,2025-07-03 00:00:00+02:00,Parliament & Council Acts,CELEX:32025R1304: Council Regulation (Euratom) 2025/1304 of 23 June 2025 establishing the Research and Training Programme of the European Atomic Energy Community for the period 2026-2027 complementing Horizon Europe – the Framework Programme for Research and Innovation and repealing Regulation (Euratom) 2021/765,https://eur-lex.europa.eu/./legal-content/AUTO/?uri=CELEX:32025R1304,en,5
2025-07-09 03:49:08.364582+00:00,2025-07-03 00:00:00+02:00,Official Journal – Legislation (L),"CELEX:32025D0913R(01):            Rectificatif à la décision d’exécution (UE) 2025/913 de la Commission du 20 mai 2025 modifiant la décision d’exécution (UE) 2021/1067 en ce qui concerne une mise à jour des conditions techniques de l’utilisation harmonisée du spectre radioélectrique dans la bande de fréquences 5945 — 6425 MHz pour la mise en œuvre des systèmes d’accès sans fil, y compris les réseaux locaux radioélectriques (WAS/RLAN) [notifiée sous le numéro C(2025) 3032] (JO L, 2025/913, 22.5.2025)",https://eur-lex.europa.eu/./legal-content/AUTO/?uri=CELEX:32025D0913R(01),fr,5
2025-07-09 03:49:08.364582+00:00,2025-07-03 00:00:00+02:00,Parliament & Council Acts,CELEX:32002R0006R(12):            Berichtigung der Verordnung (EG) Nr. 6/2002 des Rates vom 12. Dezember 2001 über das Unionsgeschmacksmuster (ABl. L 3 vom 5.1.2002),https://eur-lex.europa.eu/./legal-content/AUTO/?uri=CELEX:32002R0006R(12),de,4
2025-07-09 03:49:08.364582+00:00,2025-07-03 00:00:00+02:00,Parliament & Council Acts,"CELEX:32024R2822R(01):            Berichtigung der Verordnung (EU) 2024/2822 des Europäischen Parlaments und des Rates vom 23. Oktober 2024 zur Änderung der Verordnung (EG) Nr. 6/2002 des Rates über das Gemeinschaftsgeschmacksmuster und zur Aufhebung der Verordnung (EG) Nr. 2246/2002 der Kommission (ABl. L, 2024/2822, 18.11.2024)",https://eur-lex.europa.eu/./legal-content/AUTO/?uri=CELEX:32024R2822R(01),de,5
2025-07-09 03:49:08.364582+00:00,2025-07-03 00:00:00+02:00,Parliament & Council Acts,CELEX:32024R2747R(01),https://eur-lex.europa.eu/./legal-content/AUTO/?uri=CELEX:32024R2747R(01),en,4
2025-07-09 03:49:08.364582+00:00,2025-07-03 00:00:00+02:00,Parliament & Council Acts,"CELEX:32024L0927R(01):            Rectificatif à la directive (UE) 2024/927 du Parlement européen et du Conseil du 13 mars 2024 modifiant les directives 2011/61/UE et 2009/65/CE en ce qui concerne les modalités de délégation, la gestion du risque de liquidité, les déclarations à des fins de surveillance, la fourniture de services de dépositaire et de conservation ainsi que l’octroi de prêts par les fonds d’investissement alternatifs (JO L, 2024/927, 26.3.2024)",https://eur-lex.europa.eu/./legal-content/AUTO/?uri=CELEX:32024L0927R(01),fr,5
2025-07-09 03:49:08.364582+00:00,2025-07-02 16:17:06+02:00,RenEne-h2_feed,Air Liquide to supply green hydrogen to H2 MOBILITY stations in Germany,https://renewablesnow.com/news/air-liquide-to-supply-green-hydrogen-to-h2-mobility-stations-in-germany-1277870/,en,2
2025-07-09 03:49:08.364582+00:00,2025-07-02 15:29:29+02:00,RenEne-h2_feed,"Senate passes Trump's bill, drops excise tax on solar, wind projects",https://renewablesnow.com/news/senate-passes-trumps-bill-drops-excise-tax-on-solar-wind-projects-1277866/,en,3
2025-07-09 03:49:08.364582+00:00,2025-07-02 15:22:19+02:00,RenEne-biomass_feed,Renewables cover 77% of Portugal's power demand in H1 2025,https://renewablesnow.com/news/renewables-cover-77-percent-of-portugals-power-demand-in-h1-2025-1277865/,en,4
2025-07-09 03:49:08.364582+00:00,2025-07-02 13:05:49+02:00,RenEne-wind_on_feed,Substation installed at Dieppe - Le Treport wind project off France,https://renewablesnow.com/news/substation-installed-at-dieppe-le-treport-wind-project-off-france-1277854/,en,3
